{
  "object": {
    "allow_overlapping": false,
    "appt_is_break": false,
    "billing_status": "",
    "billing_notes": [],
    "color": "#000000",
    "created_at": "2020-12-02T13:55:44",
    "deleted_flag": true,
    "duration": 30,
    "exam_room": 2,
    "first_billed_date": "2020-12-04T11:40:00",
    "icd9_codes": [],
    "icd10_codes": [],
    "id": "161039392",
    "ins1_status": "",
    "ins2_status": "",
    "is_walk_in": false,
    "is_virtual_base": false,
    "last_billed_date": "2020-12-04T11:40:00",
    "notes": "appt notes",
    "profile": 350576,
    "reason": "New Patient Visit",
    "recurring_appointment": false,
    "scheduled_time": "2020-12-04T11:40:00",
    "status": "Arrived",
    "updated_at": "2020-12-02T14:03:31"
  },
  "receiver": {
    "secret_token": "drchrono_apiroi",
    "updated_at": "2020-12-02T12:47:15",
    "owning_doctor_id": 282770,
    "active": true,
    "id": 818,
    "verified": true,
    "name": "Register Appointment Information",
    "created_at": "2020-11-18T12:46:22",
    "api_app": 4155,
    "has_task": false,
    "callback_url": "https://apiroi.net/DrKamranAfzal/receive2.php",
    "events": {
      "APPOINTMENT_DELETE": "Any time an appointment is deleted",
      "PATIENT_CREATE": "Any time a patient is created",
      "APPOINTMENT_CREATE": "Any time an appointment is created",
      "PATIENT_MODIFY": "Any time a patient is modified",
      "APPOINTMENT_MODIFY": "Any time an appointment is modified"
    }
  }
}