{
  "id": 90999991,
  "chart_id": "BRCH000001",
  "first_name": "Chrissy",
  "middle_name": null,
  "last_name": "Bright",
  "nick_name": "",
  "date_of_birth": "1971-09-10",
  "gender": "Female",
  "social_security_number": "111-11-1111",
  "race": "black",
  "ethnicity": "not_hispanic",
  "preferred_language": "eng",
  "patient_photo": "https://storage101.iad3.clouddrive.com/v1/MossoCloudFS_929697/uploaded_media-000372/patient_photos/3bd6f9a1-a88c-4008-9229-ff581f4ff871.jpg?inline=&temp_url_expires=1610035422&temp_url_sig=8f29656822023f514908b545b9c478d2a2809afe1848f121272c184e2e9a9746",
  "patient_photo_date": null,
  "patient_payment_profile": "Cash",
  "patient_status": "A",
  "home_phone": "(844) 569-8628",
  "cell_phone": "(650) 215-6343",
  "office_phone": "(844) 569-8628",
  "email": "",
  "address": "1600 Amphitheatre Pkwy",
  "city": "Mountain View",
  "state": "CA",
  "zip_code": "94040",
  "emergency_contact_name": "",
  "emergency_contact_phone": "",
  "emergency_contact_relation": null,
  "employer": "DrChrono",
  "employer_address": "328 Gibraltar Dr.",
  "employer_city": "Sunnyvale",
  "employer_state": "CA",
  "employer_zip_code": "94089",
  "disable_sms_messages": true,
  "doctor": 282770,
  "primary_care_physician": "",
  "date_of_first_appointment": "2020-12-03",
  "date_of_last_appointment": "2020-12-04",
  "offices": [
	300585
  ],
  "default_pharmacy": "0501507",
  "referring_source": null,
  "copay": "",
  "responsible_party_name": null,
  "responsible_party_relation": null,
  "responsible_party_phone": null,
  "responsible_party_email": null,
  "updated_at": "2020-12-03T15:04:12"
}