{
  "object": {
    "id": 90972928,
    "chart_id": "BOJA000001",
    "first_name": "James",
    "middle_name": "T.",
    "last_name": "Booker",
    "nick_name": "Booker",
    "gender": "",
    "social_security_number": "",
    "race": "blank",
    "ethnicity": "blank",
    "preferred_language": "blank",
    "custom_demographics": [],
    "patient_payment_profile": "Cash",
    "patient_status": "A",
    "home_phone": "(480) 212-2121",
    "cell_phone": "(480) 212-2121",
    "office_phone": "",
    "email": "etest@apiroi.net",
    "address": "",
    "city": "",
    "state": "",
    "zip_code": "",
    "emergency_contact_name": "",
    "emergency_contact_phone": "",
    "employer": "",
    "employer_address": "",
    "employer_city": "",
    "employer_state": "",
    "employer_zip_code": "",
    "disable_sms_messages": false,
    "doctor": 282770,
    "primary_care_physician": "",
    "offices": [],
    "default_pharmacy": "",
    "patient_flags": [],
    "patient_flags_attached": [],
    "referring_doctor": {
      "last_name": "",
      "npi": "",
      "provider_qualifier": "",
      "provider_number": "",
      "address": "",
      "email": "",
      "phone": "",
      "fax": ""
    },
    "copay": "",
    "primary_insurance": {
      "insurance_company": "",
      "insurance_id_number": "",
      "insurance_group_name": "",
      "insurance_group_number": "",
      "insurance_claim_office_number": "",
      "insurance_payer_id": "",
      "insurance_plan_name": "",
      "insurance_plan_type": "",
      "is_subscriber_the_patient": true,
      "patient_relationship_to_subscriber": "",
      "subscriber_first_name": "",
      "subscriber_middle_name": "",
      "subscriber_last_name": "",
      "subscriber_suffix": "",
      "subscriber_social_security": "",
      "subscriber_gender": "",
      "subscriber_address": "",
      "subscriber_city": "",
      "subscriber_zip_code": "",
      "subscriber_state": "",
      "subscriber_country": "US",
      "photo_front": "",
      "photo_back": ""
    },
    "secondary_insurance": {
      "insurance_company": "",
      "insurance_id_number": "",
      "insurance_group_name": "",
      "insurance_group_number": "",
      "insurance_claim_office_number": "",
      "insurance_payer_id": "",
      "insurance_plan_name": "",
      "insurance_plan_type": "",
      "is_subscriber_the_patient": true,
      "patient_relationship_to_subscriber": "",
      "subscriber_first_name": "",
      "subscriber_middle_name": "",
      "subscriber_last_name": "",
      "subscriber_suffix": "",
      "subscriber_social_security": "",
      "subscriber_gender": "",
      "subscriber_address": "",
      "subscriber_city": "",
      "subscriber_zip_code": "",
      "subscriber_state": "",
      "subscriber_country": "US",
      "photo_front": "",
      "photo_back": ""
    },
    "tertiary_insurance": {
      "insurance_company": "",
      "insurance_id_number": "",
      "insurance_group_name": "",
      "insurance_group_number": "",
      "insurance_claim_office_number": "",
      "insurance_payer_id": "",
      "insurance_plan_name": "",
      "insurance_plan_type": "",
      "is_subscriber_the_patient": true,
      "patient_relationship_to_subscriber": "",
      "subscriber_first_name": "",
      "subscriber_middle_name": "",
      "subscriber_last_name": "",
      "subscriber_suffix": "",
      "subscriber_social_security": "",
      "subscriber_gender": "",
      "subscriber_address": "",
      "subscriber_city": "",
      "subscriber_zip_code": "",
      "subscriber_state": "",
      "subscriber_country": "US",
      "photo_front": "",
      "photo_back": ""
    },
    "auto_accident_insurance": {
      "auto_accident_company": "",
      "auto_accident_payer_id": "",
      "auto_accident_policy_number": "",
      "auto_accident_case_number": "",
      "auto_accident_payer_address": "",
      "auto_accident_payer_zip": "",
      "auto_accident_payer_city": "",
      "auto_accident_payer_state": "",
      "auto_accident_state_of_occurrence": "",
      "auto_accident_is_subscriber_the_patient": true,
      "auto_accident_patient_relationship_to_subscriber": "",
      "auto_accident_subscriber_first_name": "",
      "auto_accident_subscriber_middle_name": "",
      "auto_accident_subscriber_last_name": "",
      "auto_accident_subscriber_suffix": "",
      "auto_accident_subscriber_social_security": "",
      "auto_accident_subscriber_phone_number": "",
      "auto_accident_subscriber_address": "",
      "auto_accident_subscriber_city": "",
      "auto_accident_subscriber_zip_code": "",
      "auto_accident_subscriber_state": "",
      "auto_accident_notes": "",
      "auto_accident_had_similar_condition": false,
      "auto_accident_similar_condition_notes": "",
      "auto_accident_significant_injury": "N\\A",
      "auto_accident_significant_injury_notes": "",
      "auto_accident_still_under_care": true,
      "auto_accident_treatment_duration": "",
      "auto_accident_will_require_therapy": true,
      "auto_accident_will_require_therapy_rec": "",
      "auto_accident_claim_rep_is_insurer": true,
      "auto_accident_claim_rep_name": "",
      "auto_accident_claim_rep_address": "",
      "auto_accident_claim_rep_zip": "",
      "auto_accident_claim_rep_city": "",
      "auto_accident_claim_rep_state": ""
    },
    "workers_comp_insurance": {
      "workers_comp_company": "",
      "workers_comp_payer_id": "",
      "workers_comp_group_name": "",
      "workers_comp_group_number": "",
      "workers_comp_wcb": "",
      "workers_comp_wcb_rating_code": "",
      "workers_comp_carrier_code": "",
      "workers_comp_case_number": "",
      "workers_comp_payer_address": "",
      "workers_comp_payer_zip": "",
      "workers_comp_payer_city": "",
      "workers_comp_payer_state": "",
      "workers_comp_state_of_occurrence": "",
      "property_and_casualty_agency_claim_number": "",
      "workers_comp_notes": ""
    },
    "updated_at": "2020-12-02T13:48:16"
  },
  "receiver": {
    "secret_token": "drchrono_apiroi",
    "updated_at": "2020-12-02T12:47:15",
    "owning_doctor_id": 282770,
    "active": true,
    "id": 818,
    "verified": true,
    "name": "Register Appointment Information",
    "created_at": "2020-11-18T12:46:22",
    "api_app": 4155,
    "has_task": false,
    "callback_url": "https://apiroi.net/DrKamranAfzal/receive2.php",
    "events": {
      "APPOINTMENT_DELETE": "Any time an appointment is deleted",
      "PATIENT_CREATE": "Any time a patient is created",
      "APPOINTMENT_CREATE": "Any time an appointment is created",
      "PATIENT_MODIFY": "Any time a patient is modified",
      "APPOINTMENT_MODIFY": "Any time an appointment is modified"
    }
  }
}