{
  "object": {
    "id": 90748683,
    "chart_id": "BOJO000001",
    "first_name": "John",
    "middle_name": "W",
    "last_name": "Borelli",
    "nick_name": "John",
    "date_of_birth": "1968-09-05",
    "gender": "Male",
    "social_security_number": "017-52-0963",
    "race": "blank,white",
    "ethnicity": "not_hispanic",
    "preferred_language": "eng",
    "custom_demographics": [],
    "patient_payment_profile": "Insurance",
    "patient_status": "A",
    "home_phone": "(480) 212-3024",
    "cell_phone": "(480) 212-3024",
    "office_phone": "(480) 212-3024",
    "email": "john@lionsoft.co",
    "address": "4400 N Scottsdale Rd, #9-251",
    "city": "Scottsdale",
    "state": "AZ",
    "zip_code": "85251",
    "emergency_contact_name": "Norm Robinson",
    "emergency_contact_phone": "(480) 310-2845",
    "emergency_contact_relation": "Friend",
    "employer": "Self employed",
    "employer_address": "4400 N Scottsdale Rd, #9-251",
    "employer_city": "Scottsdale",
    "employer_state": "AZ",
    "employer_zip_code": "85251",
    "disable_sms_messages": false,
    "doctor": 282770,
    "primary_care_physician": "John Borelli",
    "date_of_last_appointment": "2020-11-20",
    "offices": [],
    "default_pharmacy": "0118819",
    "patient_flags": [],
    "patient_flags_attached": [],
    "referring_doctor": {
      "first_name": "John",
      "middle_name": "W",
      "last_name": "Borelli",
      "suffix": "Md",
      "npi": "1234454329",
      "provider_qualifier": "0B",
      "provider_number": "34234234",
      "address": "123 fourth place",
      "email": "drjohn@johnborelli.com",
      "phone": "(323) 456-7890",
      "fax": "(323) 456-7899",
      "specialty": "Internist"
    },
    "copay": "",
    "primary_insurance": {
      "insurance_company": "MERCY CARE AHCCCS",
      "insurance_id_number": "42450067",
      "insurance_group_name": "",
      "insurance_group_number": "",
      "insurance_claim_office_number": "",
      "insurance_payer_id": "PRNT1825",
      "insurance_plan_name": "",
      "insurance_plan_type": "HM",
      "is_subscriber_the_patient": true,
      "patient_relationship_to_subscriber": "",
      "subscriber_first_name": "",
      "subscriber_middle_name": "",
      "subscriber_last_name": "",
      "subscriber_suffix": "",
      "subscriber_social_security": "",
      "subscriber_gender": "",
      "subscriber_address": "",
      "subscriber_city": "",
      "subscriber_zip_code": "",
      "subscriber_state": "",
      "subscriber_country": "US",
      "photo_front": "",
      "photo_back": ""
    },
    "secondary_insurance": {
      "insurance_company": "",
      "insurance_id_number": "",
      "insurance_group_name": "",
      "insurance_group_number": "",
      "insurance_claim_office_number": "",
      "insurance_payer_id": "",
      "insurance_plan_name": "",
      "insurance_plan_type": "",
      "is_subscriber_the_patient": true,
      "patient_relationship_to_subscriber": "",
      "subscriber_first_name": "",
      "subscriber_middle_name": "",
      "subscriber_last_name": "",
      "subscriber_suffix": "",
      "subscriber_social_security": "",
      "subscriber_gender": "",
      "subscriber_address": "",
      "subscriber_city": "",
      "subscriber_zip_code": "",
      "subscriber_state": "",
      "subscriber_country": "US",
      "photo_front": "",
      "photo_back": ""
    },
    "tertiary_insurance": {
      "insurance_company": "",
      "insurance_id_number": "",
      "insurance_group_name": "",
      "insurance_group_number": "",
      "insurance_claim_office_number": "",
      "insurance_payer_id": "",
      "insurance_plan_name": "",
      "insurance_plan_type": "",
      "is_subscriber_the_patient": true,
      "patient_relationship_to_subscriber": "",
      "subscriber_first_name": "",
      "subscriber_middle_name": "",
      "subscriber_last_name": "",
      "subscriber_suffix": "",
      "subscriber_social_security": "",
      "subscriber_gender": "",
      "subscriber_address": "",
      "subscriber_city": "",
      "subscriber_zip_code": "",
      "subscriber_state": "",
      "subscriber_country": "US",
      "photo_front": "",
      "photo_back": ""
    },
    "auto_accident_insurance": {
      "auto_accident_company": "",
      "auto_accident_payer_id": "",
      "auto_accident_policy_number": "",
      "auto_accident_case_number": "",
      "auto_accident_payer_address": "",
      "auto_accident_payer_zip": "",
      "auto_accident_payer_city": "",
      "auto_accident_payer_state": "",
      "auto_accident_state_of_occurrence": "",
      "auto_accident_is_subscriber_the_patient": true,
      "auto_accident_patient_relationship_to_subscriber": "",
      "auto_accident_subscriber_first_name": "",
      "auto_accident_subscriber_middle_name": "",
      "auto_accident_subscriber_last_name": "",
      "auto_accident_subscriber_suffix": "",
      "auto_accident_subscriber_social_security": "",
      "auto_accident_subscriber_phone_number": "",
      "auto_accident_subscriber_address": "",
      "auto_accident_subscriber_city": "",
      "auto_accident_subscriber_zip_code": "",
      "auto_accident_subscriber_state": "",
      "auto_accident_notes": "",
      "auto_accident_had_similar_condition": false,
      "auto_accident_similar_condition_notes": "",
      "auto_accident_significant_injury": "N\\A",
      "auto_accident_significant_injury_notes": "",
      "auto_accident_still_under_care": true,
      "auto_accident_treatment_duration": "",
      "auto_accident_will_require_therapy": true,
      "auto_accident_will_require_therapy_rec": "",
      "auto_accident_claim_rep_is_insurer": true,
      "auto_accident_claim_rep_name": "",
      "auto_accident_claim_rep_address": "",
      "auto_accident_claim_rep_zip": "",
      "auto_accident_claim_rep_city": "",
      "auto_accident_claim_rep_state": ""
    },
    "workers_comp_insurance": {
      "workers_comp_company": "",
      "workers_comp_payer_id": "",
      "workers_comp_group_name": "",
      "workers_comp_group_number": "",
      "workers_comp_wcb": "",
      "workers_comp_wcb_rating_code": "",
      "workers_comp_carrier_code": "",
      "workers_comp_case_number": "",
      "workers_comp_payer_address": "",
      "workers_comp_payer_zip": "",
      "workers_comp_payer_city": "",
      "workers_comp_payer_state": "",
      "workers_comp_state_of_occurrence": "",
      "property_and_casualty_agency_claim_number": "",
      "workers_comp_notes": ""
    },
    "responsible_party_name": "John Borelli",
    "responsible_party_relation": "Self",
    "responsible_party_phone": "4802123024",
    "responsible_party_email": "john@apiroi.net",
    "updated_at": "2020-11-18T14:24:10"
  },
  "receiver": {
    "secret_token": "drchrono_apiroi",
    "updated_at": "2020-11-18T13:35:38",
    "owning_doctor_id": 282770,
    "active": true,
    "id": 818,
    "verified": true,
    "name": "Register Appointment Information",
    "created_at": "2020-11-18T12:46:22",
    "api_app": 4155,
    "has_task": false,
    "callback_url": "https://apiroi.net/DrKamranAfzal/receive2.php",
    "events": {
      "APPOINTMENT_MODIFY": "Any time an appointment is modified",
      "PATIENT_MODIFY": "Any time a patient is modified",
      "TASK_MODIFY": "Any time a task is modified and Any time creation, modification and deletion of task notes, associated task items",
      "APPOINTMENT_DELETE": "Any time an appointment is deleted",
      "PATIENT_CREATE": "Any time a patient is created",
      "CASH_PAYMENT_DELETE": "Any time a patient payment is deleted",
      "PATIENT_MEDICATION_MODIFY": "Any time a patient medication is modified",
      "PATIENT_MEDICATION_CREATE": "Any time a patient medication is created",
      "APPOINTMENT_BILLING_STATUS_BI": "Any time an appointment\u0027s billing status reaches \u0027Bill Insurance\u0027",
      "LINE_ITEM_TRANSACTION_DELETE": "Any time a line item transaction is deleted",
      "PATIENT_PROBLEM_MODIFY": "Any time a patient problem is modified",
      "LINE_ITEM_DELETE": "Any time a line item is deleted",
      "LINE_ITEM_CREATE": "Any time a line item is created",
      "PATIENT_PROBLEM_CREATE": "Any time a patient problem is created",
      "PATIENT_FLAG_CREATE": "Any time a patient flag is created",
      "APPOINTMENT_BILLING_STATUS_RTB": "Any time an appointment\u0027s billing status reaches \u0027Ready to Bill\u0027",
      "CLINICAL_NOTE_UNLOCK": "Any time a clinical note is unlocked",
      "PATIENT_ALLERGY_MODIFY": "Any time a patient allergy is modified",
      "TASK_DELETE": "Any time a task is deleted",
      "PATIENT_FLAG_MODIFY": "Any time a patient flag is modified",
      "PATIENT_ALLERGY_CREATE": "Any time a patient allergy is created",
      "VACCINE_ADMINISTERED": "Any time a vaccine consent form is signed",
      "CLINICAL_NOTE_LOCK": "Any time a clinical note is locked",
      "LINE_ITEM_MODIFY": "Any time a line item is modified",
      "APPOINTMENT_CREATE": "Any time an appointment is created",
      "TASK_CREATE": "Any time a task is created"
    }
  }
}