{
  "object": {
    "id": 161806826,
    "appointment": 159955637,
    "patient": 90745504,
    "doctor": 282770,
    "billing_status": "Balance Due",
    "denied_flag": false,
    "code": "99203",
    "procedure_type": "C",
    "quantity": "1.00",
    "units": "UN",
    "modifiers": [
      "",
      "",
      "",
      ""
    ],
    "diagnosis_pointers": [
      1,
      0,
      0,
      0
    ],
    "updated_at": "2020-11-18T13:58:55",
    "price": "150.00",
    "billed": "150.00",
    "allowed": "150.00",
    "adjustment": "0.00",
    "ins1_paid": "0.00",
    "ins2_paid": "0.00",
    "ins3_paid": "0.00",
    "ins_total": "0.00",
    "insurance_status": "Balance Due",
    "pt_paid": "0.00",
    "paid_total": "0.00",
    "balance_ins": "0.00",
    "balance_pt": "150.00",
    "balance_total": "150.00",
    "service_date": "2020-11-20",
    "posted_date": "2020-11-18",
    "expected_reimbursement": "0.00"
  },
  "receiver": {
    "secret_token": "drchrono_apiroi",
    "updated_at": "2020-11-18T13:35:38",
    "owning_doctor_id": 282770,
    "active": true,
    "id": 818,
    "verified": true,
    "name": "Register Appointment Information",
    "created_at": "2020-11-18T12:46:22",
    "api_app": 4155,
    "has_task": false,
    "callback_url": "https://apiroi.net/DrKamranAfzal/receive2.php",
    "events": {
      "APPOINTMENT_MODIFY": "Any time an appointment is modified",
      "PATIENT_MODIFY": "Any time a patient is modified",
      "TASK_MODIFY": "Any time a task is modified and Any time creation, modification and deletion of task notes, associated task items",
      "APPOINTMENT_DELETE": "Any time an appointment is deleted",
      "PATIENT_CREATE": "Any time a patient is created",
      "CASH_PAYMENT_DELETE": "Any time a patient payment is deleted",
      "PATIENT_MEDICATION_MODIFY": "Any time a patient medication is modified",
      "PATIENT_MEDICATION_CREATE": "Any time a patient medication is created",
      "APPOINTMENT_BILLING_STATUS_BI": "Any time an appointment\u0027s billing status reaches \u0027Bill Insurance\u0027",
      "LINE_ITEM_TRANSACTION_DELETE": "Any time a line item transaction is deleted",
      "PATIENT_PROBLEM_MODIFY": "Any time a patient problem is modified",
      "LINE_ITEM_DELETE": "Any time a line item is deleted",
      "LINE_ITEM_CREATE": "Any time a line item is created",
      "PATIENT_PROBLEM_CREATE": "Any time a patient problem is created",
      "PATIENT_FLAG_CREATE": "Any time a patient flag is created",
      "APPOINTMENT_BILLING_STATUS_RTB": "Any time an appointment\u0027s billing status reaches \u0027Ready to Bill\u0027",
      "CLINICAL_NOTE_UNLOCK": "Any time a clinical note is unlocked",
      "PATIENT_ALLERGY_MODIFY": "Any time a patient allergy is modified",
      "TASK_DELETE": "Any time a task is deleted",
      "PATIENT_FLAG_MODIFY": "Any time a patient flag is modified",
      "PATIENT_ALLERGY_CREATE": "Any time a patient allergy is created",
      "VACCINE_ADMINISTERED": "Any time a vaccine consent form is signed",
      "CLINICAL_NOTE_LOCK": "Any time a clinical note is locked",
      "LINE_ITEM_MODIFY": "Any time a line item is modified",
      "APPOINTMENT_CREATE": "Any time an appointment is created",
      "TASK_CREATE": "Any time a task is created"
    }
  }
}